company_id,company_name,trade_name,industry,sector,categories,company_status,company_type,address,postal_code,city,country,state,foundation_year,registration_date,website,rank,market_cap_or_valuation,number_of_employees,ceo,founder,assets,profit_or_net_income,revenue,total_funding_raised,share_price,change_1_day,change_1_year,debts,phone,sic_code,emtak_code,nace_code,facebook,twitter,pinterest,instagram,investors,region,notes_or_description,modified
1804 | 3694,1-800-flowers.com,1-800-flowers.com,,,,,,2 jericho plz ste 200,117531681,jericho,united states,new york(ny),0,,https://www.info-clipper.com/en/company/united-states/1-800-flowerscom-inc.usdddnn4j.html,,,0,,,,,,,,,,,,,,,,,,,,,headquarter,False
2164 | 4108,adidas promotional retail operations,adidas,,,,,,5055 n greeley ave,972173524,portland,united states,oregon(or),0,,https://www.info-clipper.com/en/company/united-states/adidas-promotional-retail-operations-inc.usdecgdke.html,,,0,,,,,,,,,,,,,,,,,,,,,single address,False
4419 | 2454,adventist health system sunbelt healthcare,adventhealth,,,,,,900 hope way,327141502,altamonte springs,united states,florida(fl),0,,https://www.info-clipper.com/en/company/united-states/adventist-health-system-sunbelt-healthcare-corporation.usdg0iwws.html,,,0,,,,,,,,,,,,,,,,,,,,,headquarter,False
2451 | 4416,adventist health system/sunbelt,adventhealth,,,,,,900 hope way,327141502,altamonte springs,united states,florida(fl),0,,https://www.info-clipper.com/en/company/united-states/adventist-health-systemsunbelt-inc.usd17lu72.html,,,0,,,,,,,,,,,,,,,,,,,,,headquarter,False
923 | 3764,aeffe,moschino,,,,,,via delle querce 51,47842,san giovanni in marignano,italy,italy,0,,https://www.info-clipper.com/en/company/italy/aeffe-spa.itd79ptgw.html,,,0,,,,,,,,,,,,,,,,,,,,, | headquarter,False
1716 | 4595,ali,carpigiani group,,,,,,via piero gobetti 2/a,20063,cernusco sul naviglio,italy,italy,0,,https://www.info-clipper.com/en/company/italy/ali-group-srl.itd799l70.html,,,0,,,,,,,,,,,,,,,,,,,,, | headquarter,False
4525 | 1712,altran uk,capgemini engineering,,,,,,22 st. lawrence street,ba1 1an,bath,united kingdom,united kingdom,0,,https://www.info-clipper.com/en/company/united-kingdom/altran-uk-limited.gbd69cwmh.html,,,0,,,,,,,,,,,,,,,,,,,,, | headquarter,False
1651 | 4529,ambienta societa' di gestione del risparmio,ambienta sgr spa,,,,,,piazza fontana 6,20122,milano,italy,italy,0,,https://www.info-clipper.com/en/company/italy/ambienta-societa-di-gestione-del-risparmio-spa.itd5lobxb.html,,,0,,,,,,,,,,,,,,,,,,,,, | headquarter,False
1726 | 3562,american axle manufacturing,aam,,,,,,1 dauch dr,482111198,detroit,united states,michigan(mi),0,,https://www.info-clipper.com/en/company/united-states/american-axle-manufacturing-holdings-inc.usdqni6u.html,,,0,,,,,,,,,,,,,,,,,,,,,headquarter,False
4015 | 2077,aon consulting,alexander & alexander benefits services,,,,,,200 e randolph st,606016440,chicago,united states,illinois(il),0,,https://www.info-clipper.com/en/company/united-states/aon-consulting-inc.usd16n9ag.html,,,0,,,,,,,,,,,,,,,,,,,,,headquarter,False
1384 | 4177,apple (uk),apple,,,,,,"2 furze groundway, stockley park",ub11 1bb,uxbridge,united kingdom,united kingdom,0,,https://www.info-clipper.com/en/company/united-kingdom/apple-limited.gbd3qox8b.html,,,0,,,,,,,,,,,,,,,,,,,,, | headquarter,False
3218 | 506,artsana,prenatal,,,,,,via filomena saldarini catelli 1,22070,grandate,italy,italy,0,,https://www.info-clipper.com/en/company/italy/artsana-spa.itd72uzaw.html,,,0,,,,,,,,,,,,,,,,,,,,, | headquarter,False
4018 | 2080,assuredpartners of illinois,central illinois benefit consultants,,,,,,4 westbrook corporate ctr ste 500,601545753,westchester,united states,illinois(il),0,,https://www.info-clipper.com/en/company/united-states/assuredpartners-of-illinois-llc.usd1qo02a.html,,,0,,,,,,,,,,,,,,,,,,,,,headquarter,False
574 | 3293,aviapartner handling,aviapartner han ling spa,,,,,,viale delle arti 123,00054 | 54,fiumicino,italy,italy,0,,https://www.info-clipper.com/en/company/italy/aviapartner-handling-spa.itd7d2bb5.html,,,0,,,,,,,,,,,,,,,,,,,,, | headquarter,False
585 | 3201,aviva international,aviva,,,,,,st helens 1 undershaft,ec3p 3dq,london,united kingdom,united kingdom,0,,https://www.info-clipper.com/en/company/united-kingdom/aviva-international-holdings-limited.gbd6klfvb.html,,,0,,,,,,,,,,,,,,,,,,,,, | headquarter,False
3389 | 653,azimut capital management soc di gestione del risparmio,azimut capital management sgr,,,,,,via cusani 4,20121,milano,italy,italy,0,,https://www.info-clipper.com/en/company/italy/azimut-capital-management-soc-di-gestione-del-risparmio-spa.itd8zws4h.html,,,0,,,,,,,,,,,,,,,,,,,,, | headquarter,False
4079 | 1288,bailie,bairds,,,,,,"greystone press greystone road, newpark industrial estate",bt41 2rs,antrim,united kingdom,united kingdom,0,,https://www.info-clipper.com/en/company/united-kingdom/bailie-group-limited.gbd3khq4j.html,,,0,,,,,,,,,,,,,,,,,,,,, | headquarter,False
4103 | 1312,bank of america national association,bank of america merrill lynch,,,,,,2 king edward street,ec1a 1hq,london,united kingdom,united kingdom,0,,https://www.info-clipper.com/en/company/united-kingdom/bank-of-america-national-association.gbd3h1h77.html,,,0,,,,,,,,,,,,,,,,,,,,, | headquarter,False
365 | 3866,barclays execution,barclays,,,,,,1 churchill place | 28 level 1 churchill place,e14 5hp,london,united kingdom,united kingdom,0,,https://www.info-clipper.com/en/company/united-kingdom/barclays-execution-services-limited.gbd4vgffh.html,,,0,,,,,,,,,,,,,,,,,,,,, | headquarter,False
1551 | 4357,barclays private clients international,barclays,,,,,,"barclays house victoria street, douglas",im1 2le,isle of man,united kingdom,united kingdom,0,,https://www.info-clipper.com/en/company/united-kingdom/barclays-private-clients-international-ltd.gbd3ixmcf.html,,,0,,,,,,,,,,,,,,,,,,,,, | headquarter,False
1814 | 4630,beam global international,beam suntory,,,,,,springburn bond carlisle street,g21 1eq,glasgow,united kingdom,united kingdom,0,,https://www.info-clipper.com/en/company/united-kingdom/beam-global-international-limited.gbd3oll7u.html,,,0,,,,,,,,,,,,,,,,,,,,, | single address,False
1711 | 3542,biomarin pharmaceutical,biomarin,,,,,,770 lindaro st,949013991,san rafael,united states,california(ca),0,,https://www.info-clipper.com/en/company/united-states/biomarin-pharmaceutical-inc.usd464w9.html,,,0,,,,,,,,,,,,,,,,,,,,,headquarter,False
1996 | 3925,blackstone l.l.c,blackstone,,,,,,345 park ave bsmt lb4,101541703,new york,united states,new york(ny),0,,https://www.info-clipper.com/en/company/united-states/blackstone-group-holdings-llc.usd9z4anl.html,,,0,,,,,,,,,,,,,,,,,,,,,headquarter,False
1285 | 4076,bmb,the baird group,,,,,,2100 century way thorpe park,ls15 8zb,leeds,united kingdom,united kingdom,0,,https://www.info-clipper.com/en/company/united-kingdom/bmb-group-limited.gbd3niet0.html,,,0,,,,,,,,,,,,,,,,,,,,, | headquarter,False
4459 | 1653,bmw (uk),bmw,,,,,,summit one summit avenue,gu14 0fb,farnborough,united kingdom,united kingdom,0,,https://www.info-clipper.com/en/company/united-kingdom/bmw-limited.gbd3li08x.html,,,0,,,,,,,,,,,,,,,,,,,,, | headquarter,False
3272 | 646,bnp paribas trust uk,bnp paribas,,,,,,10 harewood avenue,nw1 6aa,london,united kingdom,united kingdom,0,,https://www.info-clipper.com/en/company/united-kingdom/bnp-paribas-trust-corporation-uk-limited.gbd3n7zzo.html,,,0,,,,,,,,,,,,,,,,,,,,, | headquarter,False
3655 | 913,booking.com transport,rentalcars.com,,,,,,100 new bridge street,ec4v 6ja,london,united kingdom,united kingdom,0,,https://www.info-clipper.com/en/company/united-kingdom/bookingcom-transport-limited.gbdc8528m.html,,,0,,,,,,,,,,,,,,,,,,,,, | headquarter,False
769 | 3440,bp international,bp,,,,,,1 st james's square,sw1y 4pd,london,united kingdom,united kingdom,0,,https://www.info-clipper.com/en/company/united-kingdom/bp-international-limited.gbd3h1ff0.html,,,0,,,,,,,,,,,,,,,,,,,,, | headquarter,False
3319 | 28,bridgestone americas,bridgestone americas sourcing,,,,,,200 4th ave s ste 100,372012256,nashville,united states,tennessee(tn),0,,https://www.info-clipper.com/en/company/united-states/bridgestone-americas-inc.usd1of1y2.html,,,0,,,,,,,,,,,,,,,,,,,,,headquarter,False
727 | 3380,btn turbo charger service,apec ltd,,,,,,"unit g2 titan road, patchway",bs34 6fd,bristol,united kingdom,united kingdom,0,,https://www.info-clipper.com/en/company/united-kingdom/btn-turbo-charger-service-limited.gbd3ld3co.html,,,0,,,,,,,,,,,,,,,,,,,,, | single address,False
1339 | 4129,budget,nig skandia,,,,,,crown house 145 city road,ec1v 1jy,london,united kingdom,united kingdom,0,,https://www.info-clipper.com/en/company/united-kingdom/budget-group-limited.gbd6k74m9.html,,,0,,,,,,,,,,,,,,,,,,,,, | headquarter,False
3696 | 872,c.o.i.m. - chimica organica industriale milanese,c.o.i.m. spa,,,,,,via delle azalee 19,20090,buccinasco,italy,italy,0,,https://www.info-clipper.com/en/company/italy/coim-spa-chimica-organica-industriale-milanese.itd737e4a.html,,,0,,,,,,,,,,,,,,,,,,,,, | headquarter,False
4436 | 1564,c.w.f. children worldwide fashion italia,cwf children worldwide fashion,,,,,,via arco 1,20121,milano,italy,italy,0,,https://www.info-clipper.com/en/company/italy/cwf-children-worldwide-fashion-italia-srl.itd78vfnn.html,,,0,,,,,,,,,,,,,,,,,,,,, | headquarter,False
2367 | 4323,ca marketing,wolf camera,,,,,,114 tived ln e,88373076 | 088373076,edison,united states,new jersey(nj),0,,https://www.info-clipper.com/en/company/united-states/ca-marketing-inc.usd287l6c.html,,,0,,,,,,,,,,,,,,,,,,,,,headquarter,False
4356 | 2400,california ram,reynolds advanced materials,,,,,,2040 n lincoln st,915043333,burbank,united states,california(ca),0,,https://www.info-clipper.com/en/company/united-states/california-ram-inc.usdet2l1.html,,,0,,,,,,,,,,,,,,,,,,,,,single address,False
1696 | 3518,cambro manufacturing,cambro,,,,,,5801 skylab rd,926472051,huntington beach,united states,california(ca),0,,https://www.info-clipper.com/en/company/united-states/cambro-manufacturing-company.usd4ywx9.html,,,0,,,,,,,,,,,,,,,,,,,,,headquarter,False
2187 | 4131,camping world,camping world,,,,,,250 parkway dr ste 270,600694346,lincolnshire,united states,illinois(il),0,,https://www.info-clipper.com/en/company/united-states/camping-world-holdings-inc.usd1bswy1.html,,,0,,,,,,,,,,,,,,,,,,,,,headquarter,False
4243 | 1447,canvas,canvas holidays,,,,,,boulevard de la woluwe,ky11 8py,dunfermline,united kingdom,united kingdom,0,,https://www.info-clipper.com/en/company/united-kingdom/canvas-holdings-limited.gbdc4g4ww.html,,,0,,,,,,,,,,,,,,,,,,,,, | headquarter,False
1709 | 4522,capgemini uk,capgemini,,,,,,no 1 forge end,gu21 6db,woking,united kingdom,united kingdom,0,,https://www.info-clipper.com/en/company/united-kingdom/capgemini-uk-plc.gbd3i7h89.html,,,0,,,,,,,,,,,,,,,,,,,,, | headquarter,False
656 | 3393,castello societa' di gestione del risparmio,castello sgr spa,,,,,,via giacomo puccini 3,20121,milano,italy,italy,0,,https://www.info-clipper.com/en/company/italy/castello-societa-di-gestione-del-risparmio-spa.itd5lfkq3.html,,,0,,,,,,,,,,,,,,,,,,,,, | headquarter,False
4110 | 1244,cd,ghiottelli,,,,,,via casamassima zona industriale 3,70010,capurso,italy,italy,0,,https://www.info-clipper.com/en/company/italy/cd-spa.itdatyk83.html,,,0,,,,,,,,,,,,,,,,,,,,, | single address,False
1903 | 3832,cec educational,career education,,,,,,231 n martingale rd ste 100,601732007,schaumburg,united states,illinois(il),0,,https://www.info-clipper.com/en/company/united-states/cec-educational-services-llc.usdfx9a4d.html,,,0,,,,,,,,,,,,,,,,,,,,,single address,False
581 | 3197,cgnu life assurance,aviva,,,,,,2 rougier street,yo90 1uu,york,united kingdom,united kingdom,0,,https://www.info-clipper.com/en/company/united-kingdom/cgnu-life-assurance-limited.gbd3h3iz6.html,,,0,,,,,,,,,,,,,,,,,,,,, | headquarter,False
3859 | 1930,chapter 4,supreme,,,,,,62 king st ste 3,100144807,new york,united states,new york(ny),0,,https://www.info-clipper.com/en/company/united-states/chapter-4-corp.usdfbiyoy.html,,,0,,,,,,,,,,,,,,,,,,,,,headquarter,False
3271 | 1529,chevron energy,chevron,,,,,,100 chevron way,948012016,richmond,united states,california(ca),0,,https://www.info-clipper.com/en/company/united-states/chevron-energy-technology-company.usdd33zi0.html,,,0,,,,,,,,,,,,,,,,,,,,,headquarter,False
3267 | 1526,chevron u.,chevron,,,,,,6001 bollinger canyon rd # d1248,945835737,san ramon,united states,california(ca),0,,https://www.info-clipper.com/en/company/united-states/chevron-usa-inc.usd5fwwf.html,,,0,,,,,,,,,,,,,,,,,,,,,headquarter,False
1417 | 4213,citizenm london bankside operations b.v,citizen m hotel,,,,,,surrey house 20 lavington street,se1 0nz,london,united kingdom,united kingdom,0,,https://www.info-clipper.com/en/company/united-kingdom/citizenm-london-bankside-operations-bv.gbd3mhorw.html,,,0,,,,,,,,,,,,,,,,,,,,, | single address,False
3971 | 1180,cnh u.k.,cnh industrial capital,,,,,,cranes farm road,ss14 3ad,basildon,united kingdom,united kingdom,0,,https://www.info-clipper.com/en/company/united-kingdom/cnh-uk-limited.gbd4xs2xe.html,,,0,,,,,,,,,,,,,,,,,,,,, | headquarter,False
3890 | 1108,colt,colt,,,,,,colt house 20 great eastern street,ec2a 3eh,london,united kingdom,united kingdom,0,,https://www.info-clipper.com/en/company/united-kingdom/colt-technology-services.gbd8cjcu8.html,,,0,,,,,,,,,,,,,,,,,,,,, | headquarter,False
3813 | 968,compagnia aerea italiana,alitalia,,,,,,viale liegi 41,198 | 00198,roma,italy,italy,0,,https://www.info-clipper.com/en/company/italy/compagnia-aerea-italiana-spa.itd7cy1i8.html,,,0,,,,,,,,,,,,,,,,,,,,, | headquarter,False
2107 | 4048,compressor controls,ccc,,,,,,4745 121st st,503232316,des moines,united states,iowa(ia),0,,https://www.info-clipper.com/en/company/united-states/compressor-controls-llc.usd15g9jm.html,,,0,,,,,,,,,,,,,,,,,,,,,headquarter,False
1249 | 4040,computershare investor,computershare,,,,,,the pavilions bridgewater road,bs99 6zz,bristol,united kingdom,united kingdom,0,,https://www.info-clipper.com/en/company/united-kingdom/computershare-investor-services-plc.gbdalnoer.html,,,0,,,,,,,,,,,,,,,,,,,,, | headquarter,False
4049 | 1258,computershare mortgage,computershare,,,,,,the pavilions bridgwater road,bs13 8ae,bristol,united kingdom,united kingdom,0,,https://www.info-clipper.com/en/company/united-kingdom/computershare-mortgage-services-limited.gbd8cnidt.html,,,0,,,,,,,,,,,,,,,,,,,,, | single address,False
1261 | 4052,computershare trustees (c.i.),computershare,,,,,,"queensway house hilgrove street, st helier",je1 1es,jersey,united kingdom,united kingdom,0,,https://www.info-clipper.com/en/company/united-kingdom/computershare-trustees-limited.gbd3ogu63.html,,,0,,,,,,,,,,,,,,,,,,,,, | single address,False
1636 | 4514,conserve italia - consorzio italiano fra cooperative agricole soc coop agricola,cirio,,,,,,via paolo poggi 11,40068,san lazzaro di savena,italy,italy,0,,https://www.info-clipper.com/en/company/italy/conserve-italia-consorzio-italiano-fra-cooperative-agricole-soc-coop-agricola.itd75wz4p.html,,,0,,,,,,,,,,,,,,,,,,,,, | headquarter,False
4589 | 1710,coty italia,wella italia go,,,,,,via ceresio 7,20154,milano,italy,italy,0,,https://www.info-clipper.com/en/company/italy/coty-italia-srl.itd74qn3m.html,,,0,,,,,,,,,,,,,,,,,,,,, | headquarter,False
3920 | 233,croda international public,croda,,,,,,cowick hall snaith,dn14 9aa,goole,united kingdom,united kingdom,0,,https://www.info-clipper.com/en/company/united-kingdom/croda-international-public-limited-company.gbd3ignen.html,,,0,,,,,,,,,,,,,,,,,,,,, | headquarter,False
3839 | 1063,crown,crown partnership,,,,,,the maltings norton heath,cm4 0lq,ingatestone,united kingdom,united kingdom,0,,https://www.info-clipper.com/en/company/united-kingdom/crown-holdings-limited.gbd3ndc38.html,,,0,,,,,,,,,,,,,,,,,,,,, | headquarter,False
3836 | 1060,crown packaging manufacturing uk,crown,,,,,,borland avenue,ca1 2tl,carlisle,united kingdom,united kingdom,0,,https://www.info-clipper.com/en/company/united-kingdom/crown-packaging-manufacturing-uk-limited.gbd3o6zn1.html,,,0,,,,,,,,,,,,,,,,,,,,, | headquarter,False
4134 | 2190,cwgs enterprises,camping world,,,,,,"250 pkwy dr, ste 270",600694346,lincolnshire,united states,illinois(il),0,,https://www.info-clipper.com/en/company/united-states/cwgs-enterprises-llc.usd1bqfch.html,,,0,,,,,,,,,,,,,,,,,,,,,single address,False
3784 | 1864,cynosure,smartlipo,,,,,,5 carlisle rd,018863601 | 18863601,westford,united states,massachusetts(ma),0,,https://www.info-clipper.com/en/company/united-states/cynosure-llc.usdcwkx8s.html,,,0,,,,,,,,,,,,,,,,,,,,,headquarter,False
101 | 4330,deloitte mcs,deloitte,,,,,,1 new street square,ec4a 3hq,london,united kingdom,united kingdom,0,,https://www.info-clipper.com/en/company/united-kingdom/deloitte-mcs-limited.gbd69lict.html,,,0,,,,,,,,,,,,,,,,,,,,, | headquarter,False
3796 | 1873,deutsch,interpublic group of companies,,,,,,387 park ave s fl 10,100168810,new york,united states,new york(ny),0,,https://www.info-clipper.com/en/company/united-states/deutsch-inc.usd18sv5q.html,,,0,,,,,,,,,,,,,,,,,,,,,headquarter,False
4644 | 2649,deutsche bank u.s financial markets,deutsche bank a g,,,,,,60 wall st lbby 1,100052858,new york,united states,new york(ny),0,,https://www.info-clipper.com/en/company/united-states/deutsche-bank-us-financial-markets-holding-corp.usdd67x8v.html,,,0,,,,,,,,,,,,,,,,,,,,,headquarter,False
1198 | 3989,dhl international (uk),dhl supply chain,,,,,,"unit 1 southern hub, horton road, colnbrook",sl3 0bb,slough,united kingdom,united kingdom,0,,https://www.info-clipper.com/en/company/united-kingdom/dhl-international-limited.gbd3lbneu.html,,,0,,,,,,,,,,,,,,,,,,,,, | headquarter,False
4366 | 1560,digital barriers,digital barriers,,,,,,39 st vincent place,g1 2er,glasgow,united kingdom,united kingdom,0,,https://www.info-clipper.com/en/company/united-kingdom/digital-barriers-services-limited.gbd3hzp9n.html,,,0,,,,,,,,,,,,,,,,,,,,, | headquarter,False
4100 | 1309,dorchester,the dorchester,,,,,,45 park lane,w1k 1pn,london,united kingdom,united kingdom,0,,https://www.info-clipper.com/en/company/united-kingdom/dorchester-services-limited.gbd85lk3q.html,,,0,,,,,,,,,,,,,,,,,,,,, | headquarter,False
1141 | 3932,ds smith logistics,ds smith,,,,,,350 euston road,nw1 3ax,london,united kingdom,united kingdom,0,,https://www.info-clipper.com/en/company/united-kingdom/ds-smith-logistics-limited.gbd3lyfvy.html,,,0,,,,,,,,,,,,,,,,,,,,, | headquarter,False
3935 | 1144,ds smith packaging,ds smith,,,,,,350 euston road,nw1 3ax,london,united kingdom,united kingdom,0,,https://www.info-clipper.com/en/company/united-kingdom/ds-smith-packaging-limited.gbd3mckh6.html,,,0,,,,,,,,,,,,,,,,,,,,, | headquarter,False
1138 | 3929,ds smith paper,d s smith recycling,,,,,,kemsley mill kemsley,me10 2td,sittingbourne,united kingdom,united kingdom,0,,https://www.info-clipper.com/en/company/united-kingdom/ds-smith-paper-limited.gbd3i8q8f.html,,,0,,,,,,,,,,,,,,,,,,,,, | headquarter,False
4617 | 2625,dura automotive,dura,,,,,,1780 pond run,483262752,auburn hills,united states,michigan(mi),0,,https://www.info-clipper.com/en/company/united-states/dura-automotive-systems-llc.usddrcius.html,,,0,,,,,,,,,,,,,,,,,,,,,single address,False
1646 | 3451,e. j. gallo winery,j vineyards & winery,,,,,,600 yosemite blvd,953542760,modesto,united states,california(ca),0,,https://www.info-clipper.com/en/company/united-states/e-j-gallo-winery.usd5h6t4.html,,,0,,,,,,,,,,,,,,,,,,,,,headquarter,False
1885 | 3808,ebsco,ebsco information services,,,,,,5724 hwy 280 east,352426818,birmingham,united states,alabama(al),0,,https://www.info-clipper.com/en/company/united-states/ebsco-industries-inc.usd20skg.html,,,0,,,,,,,,,,,,,,,,,,,,,headquarter,False
847 | 3559,edf energy customers,edf,,,,,,90 whitfield street,w1t 4ez,london,united kingdom,united kingdom,0,,https://www.info-clipper.com/en/company/united-kingdom/edf-energy-customers-limited.gbd6lhic9.html,,,0,,,,,,,,,,,,,,,,,,,,, | headquarter,False
4621 | 1805,edrington distillers,edrington,,,,,,100 queen street,g1 3dn,glasgow,united kingdom,united kingdom,0,,https://www.info-clipper.com/en/company/united-kingdom/edrington-distillers-limited.gbd3jnuzf.html,,,0,,,,,,,,,,,,,,,,,,,,, | headquarter,False
4149 | 2205,elevate credit,elevate,,,,,,4150 international plz ste 300,761094819,fort worth,united states,texas(tx),0,,https://www.info-clipper.com/en/company/united-states/elevate-credit-inc.usd1bai74.html,,,0,,,,,,,,,,,,,,,,,,,,,headquarter,False
2104 | 4045,embrace pet insurance agency,embrace pet insurance,,,,,,4530 richmond rd,441285757,cleveland,united states,ohio(oh),0,,https://www.info-clipper.com/en/company/united-states/embrace-pet-insurance-agency-llc.usd3r56m.html,,,0,,,,,,,,,,,,,,,,,,,,,single address,False
3379 | 1601,empower annuity insurance of america,empower retirement,,,,,,8515 e orchard rd,801115002,greenwood village,united states,colorado(co),0,,https://www.info-clipper.com/en/company/united-states/empower-annuity-insurance-company-of-america.usd395w9i.html,,,0,,,,,,,,,,,,,,,,,,,,,headquarter,False
3463 | 787,eurostar international,eurostar,,,,,,kings place 90 york way,n1 9ag,london,united kingdom,united kingdom,0,,https://www.info-clipper.com/en/company/united-kingdom/eurostar-international-limited.gbd8cmknu.html,,,0,,,,,,,,,,,,,,,,,,,,, | headquarter,False
944 | 3789,ferrari - societa'per azioni esercizio fabbriche automobili e corse,ferrari spa,,,,,,via abetone inferiore 2,41053,maranello,italy,italy,0,,https://www.info-clipper.com/en/company/italy/ferrari-societaper-azioni-esercizio-fabbriche-automobili-e-corse.itd73affc.html,,,0,,,,,,,,,,,,,,,,,,,,, | headquarter,False
4182 | 2238,finastra usa,finastra,,,,,,555 sw morrison st #300,972041442,portland,united states,oregon(or),0,,https://www.info-clipper.com/en/company/united-states/finastra-usa-corporation.usd1icqpl.html,,,0,,,,,,,,,,,,,,,,,,,,,headquarter,False
1118 | 3975,first,gruppo barilla,,,,,,via mantova 166,43122,parma,italy,italy,0,,https://www.info-clipper.com/en/company/italy/first-spa.itd7a3s7m.html,,,0,,,,,,,,,,,,,,,,,,,,, | headquarter,False
1094 | 3951,flos roma,flos,,,,,,via del babuino 84,187 | 00187,roma,italy,italy,0,,https://www.info-clipper.com/en/company/italy/flos-roma-srl.itd7ldjqc.html,,,0,,,,,,,,,,,,,,,,,,,,, | single address,False
2184 | 4128,freedomroads,camping world rv sales,,,,,,250 parkway dr ste 270,600694346,lincolnshire,united states,illinois(il),0,,https://www.info-clipper.com/en/company/united-states/freedomroads-llc.usd27esjy.html,,,0,,,,,,,,,,,,,,,,,,,,,headquarter,False
1717 | 3550,gbt us,american express global business travel,,,,,,666 3rd ave,100174011,new york,united states,new york(ny),0,,https://www.info-clipper.com/en/company/united-states/gbt-us-llc.usd1b9hp7.html,,,0,,,,,,,,,,,,,,,,,,,,,headquarter,False
1777 | 3654,ghirardelli chocolate,ghirardelli,,,,,,1111 139th ave,945782616,san leandro,united states,california(ca),0,,https://www.info-clipper.com/en/company/united-states/ghirardelli-chocolate-co.usda2hkzi.html,,,0,,,,,,,,,,,,,,,,,,,,,headquarter,False
2340 | 4296,global x management,global x funds,,,,,,605 3rd ave fl 43,101580180,new york,united states,new york(ny),0,,https://www.info-clipper.com/en/company/united-states/global-x-management-company-llc.usdcmz52.html,,,0,,,,,,,,,,,,,,,,,,,,,headquarter,False
1708 | 3534,grand cypress florida lp,grand cypress resort,,,,,,1 n jacaranda st,328366618,orlando,united states,florida(fl),0,,https://www.info-clipper.com/en/company/united-states/grand-cypress-florida-lp.usdd127wp.html,,,0,,,,,,,,,,,,,,,,,,,,,headquarter,False
563 | 3709,greiner packaging,greiner packaging estonia aktsiaselts,,,,,,"tammi tee 42, rannamoisa kula",76901,harku vald,estonia,estonia,0,,https://www.info-clipper.com/en/company/estonia/greiner-packaging-as.eed8986z1.html,,,0,,,,,,,,,,,,,,,,,,,,, | single address,False
3660 | 848,gruppo torinese trasporti,gtt spa,,,,,,corso filippo turati 19/6,10128,torino,italy,italy,0,,https://www.info-clipper.com/en/company/italy/gruppo-torinese-trasporti-spa.itdaezslk.html,,,0,,,,,,,,,,,,,,,,,,,,, | headquarter,False
4395 | 2436,hawkeye acquisition,meredith,,,,,,1716 locust st,503093038,des moines,united states,iowa(ia),0,,https://www.info-clipper.com/en/company/united-states/hawkeye-acquisition-inc.usd355eq.html,,,0,,,,,,,,,,,,,,,,,,,,,headquarter,False
3217 | 601 | 597 | 3213,heathrow airport,heathrow,,,,,,"the compass centre nelson road, london heathrow airport",tw6 2gw,hounslow,united kingdom,united kingdom,0,,https://www.info-clipper.com/en/company/united-kingdom/heathrow-airport-holdings-limited.gbd5s5hj7.html | https://www.info-clipper.com/en/company/united-kingdom/heathrow-airport-limited.gbd4wm7c3.html,,,0,,,,,,,,,,,,,,,,,,,,, | headquarter,False
2035 | 3970,helix energy,helix,,,,,,3505 w sam houston pkwy n ste 400,770431252,houston,united states,texas(tx),0,,https://www.info-clipper.com/en/company/united-states/helix-energy-solutions-group-inc.usd1mkqnw.html,,,0,,,,,,,,,,,,,,,,,,,,,headquarter,False
4618 | 1802,highland distillers,the edrington group,,,,,,west kinfauns kinfauns,ph2 7xz,perth,united kingdom,united kingdom,0,,https://www.info-clipper.com/en/company/united-kingdom/highland-distillers-group-limited.gbd3jnjb4.html,,,0,,,,,,,,,,,,,,,,,,,,, | headquarter,False
1765 | 3634,hobsons,hobsons,,,,,,400 e business way ste 400,452413089,cincinnati,united states,ohio(oh),0,,https://www.info-clipper.com/en/company/united-states/hobsons-inc.usddo0x2c.html,,,0,,,,,,,,,,,,,,,,,,,,,headquarter,False
4055 | 1264,homeloan management,computershare,,,,,,gateway house,bd23 2hl,skipton,united kingdom,united kingdom,0,,https://www.info-clipper.com/en/company/united-kingdom/homeloan-management-limited.gbd6l0r7l.html,,,0,,,,,,,,,,,,,,,,,,,,, | headquarter,False
3619 | 889,hozelock,hozelock,,,,,,midpoint park kingsbury road,b76 1ab,sutton coldfield,united kingdom,united kingdom,0,,https://www.info-clipper.com/en/company/united-kingdom/hozelock-group-limited.gbd8cx05k.html,,,0,,,,,,,,,,,,,,,,,,,,, | single address,False
4563 | 52,hyatt hotels of florida,hyatt regency orlando,,,,,,9801 international dr,328198104,orlando,united states,florida(fl),0,,https://www.info-clipper.com/en/company/united-states/hyatt-hotels-of-florida-inc.usd2fxy9g.html,,,0,,,,,,,,,,,,,,,,,,,,,single address,False
3288 | 658,index fund advisors,evelyn partners,,,,,,45 gresham street,ec2v 7bg,london,united kingdom,united kingdom,0,,https://www.info-clipper.com/en/company/united-kingdom/index-fund-advisors-ltd.gbdc7jtbz.html,,,0,,,,,,,,,,,,,,,,,,,,, | single address,False
1569 | 4375,ineos,ineos,,,,,,38 hans crescent,sw1x 0lz,london,united kingdom,united kingdom,0,,https://www.info-clipper.com/en/company/united-kingdom/ineos-group-holdings-limited.gbd3o5qp1.html,,,0,,,,,,,,,,,,,,,,,,,,, | headquarter,False
4554 | 2568,ineos chlor americas,ineos,,,,,,2036 foulk rd ste 204,198103650,wilmington,united states,delaware(de),0,,https://www.info-clipper.com/en/company/united-states/ineos-chlor-americas-inc.usd28nr0n.html,,,0,,,,,,,,,,,,,,,,,,,,,single address,False
1572 | 4378,ineos hygienics,ineos,,,,,,school aycliffe lane,dl5 6ea,newton aycliffe,united kingdom,united kingdom,0,,https://www.info-clipper.com/en/company/united-kingdom/ineos-hygienics-limited.gbd3qgt8i.html,,,0,,,,,,,,,,,,,,,,,,,,, | headquarter,False
4372 | 1566,ineos sales (uk),ineos,,,,,,hawkslease chapel lane,so43 7fg,lyndhurst,united kingdom,united kingdom,0,,https://www.info-clipper.com/en/company/united-kingdom/ineos-sales-limited.gbd3l6wdy.html,,,0,,,,,,,,,,,,,,,,,,,,, | headquarter,False
1643 | 3447,ingenico,"ingenico, a worldline brand",,,,,,3025 windward plz ste 600,300058734,alpharetta,united states,georgia(ga),0,,https://www.info-clipper.com/en/company/united-states/ingenico-inc.usd209u1k.html,,,0,,,,,,,,,,,,,,,,,,,,,headquarter,False
4186 | 1393,intel (uk),intel,,,,,,pipers way,sn3 1rj,swindon,united kingdom,united kingdom,0,,https://www.info-clipper.com/en/company/united-kingdom/intel-corporation-limited.gbd3lbsxr.html,,,0,,,,,,,,,,,,,,,,,,,,, | headquarter,False
1728 | 4607,interchange italia,change,,,,,,via di porta angelica 37/39,00193 | 193,roma,italy,italy,0,,https://www.info-clipper.com/en/company/italy/interchange-italia-srl.itd7einhu.html,,,0,,,,,,,,,,,,,,,,,,,,, | headquarter,False
760 | 3424,intercontinental hotels,holiday inn,,,,,,71 alma road,sl4 3hd,windsor,united kingdom,united kingdom,0,,https://www.info-clipper.com/en/company/united-kingdom/intercontinental-hotels-group-services-company.gbd3i6rwm.html,,,0,,,,,,,,,,,,,,,,,,,,, | headquarter,False
1456 | 4252,investec investments (uk),investec,,,,,,30 gresham street,ec2v 7qp,london,united kingdom,united kingdom,0,,https://www.info-clipper.com/en/company/united-kingdom/investec-group-investments-limited.gbd3r5w6c.html,,,0,,,,,,,,,,,,,,,,,,,,, | headquarter,False
1016 | 3870,italia trasporto aereo,ita airways,,,,,,via xx settembre 97,187 | 00187,roma,italy,italy,0,,https://www.info-clipper.com/en/company/italy/italia-trasporto-aereo-spa.itd7aromu.html,,,0,,,,,,,,,,,,,,,,,,,,, | headquarter,False
955 | 3711,j.c.b. service,jcb,,,,,,lakeside works rocester,st14 5jp,uttoxeter,united kingdom,united kingdom,0,,https://www.info-clipper.com/en/company/united-kingdom/jcb-service.gbd3ly24h.html,,,0,,,,,,,,,,,,,,,,,,,,, | headquarter,False
4465 | 1658,jardine motors uk,lancaster bmw milton keynes,,,,,,auto way ipswich road severalls industrial park,co4 9ha,colchester,united kingdom,united kingdom,0,,https://www.info-clipper.com/en/company/united-kingdom/jardine-motors-group-uk-limited.gbd8cods0.html,,,0,,,,,,,,,,,,,,,,,,,,, | headquarter,False
4282 | 1486,john mills,jml,,,,,,610 chiswick high road,w4 5ru,london,united kingdom,united kingdom,0,,https://www.info-clipper.com/en/company/united-kingdom/john-mills-limited.gbd4x6aja.html,,,0,,,,,,,,,,,,,,,,,,,,, | headquarter,False
1715 | 4528,johnson matthey davy technologies,johnson matthey,,,,,,10 eastbourne terrace,w2 6lg,london,united kingdom,united kingdom,0,,https://www.info-clipper.com/en/company/united-kingdom/johnson-matthey-davy-technologies-limited.gbd3igskh.html,,,0,,,,,,,,,,,,,,,,,,,,, | headquarter,False
3785 | 1012,jones lang lasalle,jll,,,,,,22 college approach,se10 9hy,london,united kingdom,united kingdom,0,,https://www.info-clipper.com/en/company/united-kingdom/jones-lang-lasalle-limited.gbd3rbsmu.html,,,0,,,,,,,,,,,,,,,,,,,,, | headquarter,False
3791 | 1018,jones lang lasalle,j l l,,,,,,30 warwick street,w1b 5nh,london,united kingdom,united kingdom,0,,https://www.info-clipper.com/en/company/united-kingdom/jones-lang-lasalle-services-limited.gbdc6al9g.html,,,0,,,,,,,,,,,,,,,,,,,,, | headquarter,False
1015 | 3788,jones lang lasalle europe,j l l,,,,,,30 warwick street,w1b 5nh,london,united kingdom,united kingdom,0,,https://www.info-clipper.com/en/company/united-kingdom/jones-lang-lasalle-europe-limited.gbd3y6iww.html,,,0,,,,,,,,,,,,,,,,,,,,, | headquarter,False
4565 | 1686,kellydeli,sushi daily,,,,,,via archimede 10,20129,milano,italy,italy,0,,https://www.info-clipper.com/en/company/italy/kellydeli-srl.itd76dhwv.html,,,0,,,,,,,,,,,,,,,,,,,,, | headquarter,False
1817 | 4633,kingfisher international,screw fix,,,,,,prospect drive britannia enterprise park,ws14 9ux,lichfield,united kingdom,united kingdom,0,,https://www.info-clipper.com/en/company/united-kingdom/kingfisher-international-holdings-limited.gbdcmy9xq.html,,,0,,,,,,,,,,,,,,,,,,,,, | headquarter,False
1607 | 3387,kinly,kevin carpenter,,,,,,2 ridgedale ave ste 100,79271108 | 079271108,cedar knolls,united states,new jersey(nj),0,,https://www.info-clipper.com/en/company/united-states/kinly-inc.usd9zcibs.html,,,0,,,,,,,,,,,,,,,,,,,,,single address,False
2161 | 4105,kroll,duff & phelps,,,,,,55 e 52nd st fl 17,100550029,new york,united states,new york(ny),0,,https://www.info-clipper.com/en/company/united-states/kroll-llc.usd97brgs.html,,,0,,,,,,,,,,,,,,,,,,,,,headquarter,False
631 | 3252,lidl great britain,lidl,,,,,,lidl house 14 kingston road,kt5 9nu,surbiton,united kingdom,united kingdom,0,,https://www.info-clipper.com/en/company/united-kingdom/lidl-great-britain-limited.gbd5rkolo.html,,,0,,,,,,,,,,,,,,,,,,,,, | headquarter,False
3260 | 637,lidl northern ireland,lidl,,,,,,dundrod road,bt29 4sr,belfast,united kingdom,united kingdom,0,,https://www.info-clipper.com/en/company/united-kingdom/lidl-northern-ireland-limited.gbd3ovm3r.html,,,0,,,,,,,,,,,,,,,,,,,,, | headquarter,False
634 | 3256,lidl u.k.,lidl,,,,,,roman road,ta1 2bd,taunton,united kingdom,united kingdom,0,,https://www.info-clipper.com/en/company/united-kingdom/lidl-uk-gmbh.gbd3x4up1.html,,,0,,,,,,,,,,,,,,,,,,,,, | headquarter,False
2175 | 4119,lions gate entertainment,lions gate,,,,,,2700 colorado ave ste 200,904045502,santa monica,united states,california(ca),0,,https://www.info-clipper.com/en/company/united-states/lions-gate-entertainment-inc.usd10gt7n.html,,,0,,,,,,,,,,,,,,,,,,,,,headquarter,False
1084 | 3860,lnrs data,railway gazette international/farmers weekly,,,,,,quadrant house the quadrant,sm2 5as,sutton,united kingdom,united kingdom,0,,https://www.info-clipper.com/en/company/united-kingdom/lnrs-data-services-limited.gbd3hc8s6.html,,,0,,,,,,,,,,,,,,,,,,,,, | headquarter,False
985 | 3751,lombard odier asset management (europe),lombard odier investment managers,,,,,,queensberry house 3 old burlington street,w1s 3ab,london,united kingdom,united kingdom,0,,https://www.info-clipper.com/en/company/united-kingdom/lombard-odier-asset-management-limited.gbd3ksedz.html,,,0,,,,,,,,,,,,,,,,,,,,, | single address,False
4346 | 1478,lovato electric,lovato spa,,,,,,via don emilio mazza 12,24020,gorle,italy,italy,0,,https://www.info-clipper.com/en/company/italy/lovato-electric-spa.itd78zcjj.html,,,0,,,,,,,,,,,,,,,,,,,,, | headquarter,False
2352 | 4308,lsi,broadcom,,,,,,1320 ridder park dr,951312313,san jose,united states,california(ca),0,,https://www.info-clipper.com/en/company/united-states/lsi-corporation.usd7eq1p.html,,,0,,,,,,,,,,,,,,,,,,,,,headquarter,False
1169 | 4035,luxottica,bulgari,,,,,,piazzale luigi cadorna 3,20123,milano,italy,italy,0,,https://www.info-clipper.com/en/company/italy/luxottica-group-spa.itd782om8.html,,,0,,,,,,,,,,,,,,,,,,,,, | headquarter,False
2514 | 4494,macquarie,macquire group limited,,,,,,125 w 55th st,100195369,new york,united states,new york(ny),0,,https://www.info-clipper.com/en/company/united-states/macquarie-inc.usd27e5qt.html,,,0,,,,,,,,,,,,,,,,,,,,,headquarter,False
4174 | 1381,markel international,markel,,,,,,20 fenchurch street,ec3m 3az,london,united kingdom,united kingdom,0,,https://www.info-clipper.com/en/company/united-kingdom/markel-international-services-limited.gbd3law2v.html,,,0,,,,,,,,,,,,,,,,,,,,, | headquarter,False
2571 | 4557,marlette funding,best egg,,,,,,3419 silverside rd,198104801,wilmington,united states,delaware(de),0,,https://www.info-clipper.com/en/company/united-states/marlette-funding-llc.usd1b84gg.html,,,0,,,,,,,,,,,,,,,,,,,,,headquarter,False
4044 | 1178,maschio gaspardo,maschio,,,,,,via marcello 73,35011,campodarsego,italy,italy,0,,https://www.info-clipper.com/en/company/italy/maschio-gaspardo-spa.itd7334wz.html,,,0,,,,,,,,,,,,,,,,,,,,, | headquarter,False
4363 | 1557,mavenir,mavenir,,,,,,"reading international business park part spur ag, basingstoke road",rg2 6dh,reading,united kingdom,united kingdom,0,,https://www.info-clipper.com/en/company/united-kingdom/mavenir-systems-limited.gbdcr5mln.html,,,0,,,,,,,,,,,,,,,,,,,,, | headquarter,False
4486 | 1673,mclaren automotive,mclaren,,,,,,mclaren technology centre chertsey road,gu21 4yh,woking,united kingdom,united kingdom,0,,https://www.info-clipper.com/en/company/united-kingdom/mclaren-automotive-limited.gbd4wh6te.html,,,0,,,,,,,,,,,,,,,,,,,,, | headquarter,False
1676 | 4489,mclaren construction,mclaren,,,,,,mclaren house 100-102 kings road,cm14 4ea,brentwood,united kingdom,united kingdom,0,,https://www.info-clipper.com/en/company/united-kingdom/mclaren-construction-group-plc.gbd5puwsh.html,,,0,,,,,,,,,,,,,,,,,,,,, | headquarter,False
2346 | 4302,medidata,medidata,,,,,,350 hudson st,100144504,new york,united states,new york(ny),0,,https://www.info-clipper.com/en/company/united-states/medidata-solutions-inc.usddwc2hb.html,,,0,,,,,,,,,,,,,,,,,,,,,headquarter,False
1464 | 3176,mgm,m g m,,,,,,245 n beverly dr,902105319,beverly hills,united states,california(ca),0,,https://www.info-clipper.com/en/company/united-states/mgm-holdings-inc.usd37hfmo.html,,,0,,,,,,,,,,,,,,,,,,,,,headquarter,False
1461 | 3172,mgm ii,mgm studios,,,,,,245 n beverly dr,902105319,beverly hills,united states,california(ca),0,,https://www.info-clipper.com/en/company/united-states/mgm-holdings-ii-inc.usd3a3dtg.html,,,0,,,,,,,,,,,,,,,,,,,,,headquarter,False
1838 | 4654,midasplayer.com,king,,,,,,ampersand building 178 wardour street,w1f 8fy,london,united kingdom,united kingdom,0,,https://www.info-clipper.com/en/company/united-kingdom/midasplayercom-ltd.gbdc469n2.html,,,0,,,,,,,,,,,,,,,,,,,,, | headquarter,False
4099 | 2155,miltope,vt miltope,,,,,,3800 richardson rd,360434017,hope hull,united states,alabama(al),0,,https://www.info-clipper.com/en/company/united-states/miltope-corporation.usd1a5a6i.html,,,0,,,,,,,,,,,,,,,,,,,,,headquarter,False
3658 | 1780,mylan,viatris,,,,,,1000 mylan blvd,153175853,canonsburg,united states,pennsylvania(pa),0,,https://www.info-clipper.com/en/company/united-states/mylan-inc.usdzayql.html,,,0,,,,,,,,,,,,,,,,,,,,,headquarter,False
3158 | 454,newton compton editori,newton & compton,,,,,,via panama 22,198 | 00198,roma,italy,italy,0,,https://www.info-clipper.com/en/company/italy/newton-compton-editori-srl.itde6ajz2.html,,,0,,,,,,,,,,,,,,,,,,,,, | single address,False
4581 | 2592,nike international,nike,,,,,,one bowerman dr,970050979,beaverton,united states,oregon(or),0,,https://www.info-clipper.com/en/company/united-states/nike-international-ltd.usdwcctr.html,,,0,,,,,,,,,,,,,,,,,,,,,single address,False
1774 | 3646,northern illinois gas,nicor gas company,,,,,,1844 ferry rd,605639600,naperville,united states,illinois(il),0,,https://www.info-clipper.com/en/company/united-states/northern-illinois-gas-company.usd44hio.html,,,0,,,,,,,,,,,,,,,,,,,,,headquarter,False
4533 | 771,octopus,j.f. lehman & company,,,,,,110 e 59th st fl 27,100221326,new york,united states,new york(ny),0,,https://www.info-clipper.com/en/company/united-states/octopus-industries-inc.usd2pyuxr.html,,,0,,,,,,,,,,,,,,,,,,,,,headquarter,False
1322 | 4187,olmar and mirta,christies,,,,,,strada cortesa 12/a,46026,quistello,italy,italy,0,,https://www.info-clipper.com/en/company/italy/olmar-and-mirta-spa.itd8i573p.html,,,0,,,,,,,,,,,,,,,,,,,,, | headquarter,False
4147 | 1357,one51 es plastics (uk),ipl global,,,,,,barbot hall industrial estate mangham road,s61 4rj,rotherham,united kingdom,united kingdom,0,,https://www.info-clipper.com/en/company/united-kingdom/one51-es-plastics-limited.gbd3mfqb2.html,,,0,,,,,,,,,,,,,,,,,,,,, | headquarter,False
4393 | 1587,parfums christian dior(u.k.)limited,parfums christian dior,,,,,,"united kingdom house 6th floor, 180 oxford street",w1d 1ab,london,united kingdom,united kingdom,0,,https://www.info-clipper.com/en/company/united-kingdom/parfums-christian-diorlimited.gbd3i74q5.html,,,0,,,,,,,,,,,,,,,,,,,,, | headquarter,False
3173 | 561,parlophone records,e m i compact disk (u k),,,,,,90 high holborn,wc1v 6xx,london,united kingdom,united kingdom,0,,https://www.info-clipper.com/en/company/united-kingdom/parlophone-records-limited.gbd3kp6de.html,,,0,,,,,,,,,,,,,,,,,,,,, | headquarter,False
782 | 3568,pastificio lucio garofalo,garofalo,,,,,,via dei pastai 42,80054,gragnano,italy,italy,0,,https://www.info-clipper.com/en/company/italy/pastificio-lucio-garofalo-spa.itdafohcr.html,,,0,,,,,,,,,,,,,,,,,,,,, | headquarter,False
4507 | 1694,paysafe uk,paysafe,,,,,,floor 27 25 canada square,e14 5lq,london,united kingdom,united kingdom,0,,https://www.info-clipper.com/en/company/united-kingdom/paysafe-holdings-uk-limited.gbd7l0mja.html,,,0,,,,,,,,,,,,,,,,,,,,, | headquarter,False
3519 | 817,petrofac international,petrofac,,,,,,44 esplanade st helier,je4 9wg,jersey,united kingdom,united kingdom,0,,https://www.info-clipper.com/en/company/united-kingdom/petrofac-international-ltd.gbd3v674g.html,,,0,,,,,,,,,,,,,,,,,,,,, | headquarter,False
2397 | 4353,petsmart,petsmart risk management,,,,,,19601 n 27th ave,850274010,phoenix,united states,arizona(az),0,,https://www.info-clipper.com/en/company/united-states/petsmart-llc.usd2vhbn0.html,,,0,,,,,,,,,,,,,,,,,,,,,headquarter,False
3230 | 514,prelios societa' di gestione del risparmio,prelios sgr,,,,,,via valtellina 15/17,20159,milano,italy,italy,0,,https://www.info-clipper.com/en/company/italy/prelios-societa-di-gestione-del-risparmio-spa.itd7ctfz9.html,,,0,,,,,,,,,,,,,,,,,,,,, | headquarter,False
2343 | 4299,princess cruise lines,princess cruises,,,,,,24305 town ctr dr,913551307,santa clarita,united states,california(ca),0,,https://www.info-clipper.com/en/company/united-states/princess-cruise-lines-ltd.usd171c94.html,,,0,,,,,,,,,,,,,,,,,,,,,headquarter,False
3566 | 1729,priority health managed benefits,priority health,,,,,,1231 e beltline ave ne,495254501,grand rapids,united states,michigan(mi),0,,https://www.info-clipper.com/en/company/united-states/priority-health-managed-benefits-inc.usdd755kf.html,,,0,,,,,,,,,,,,,,,,,,,,,headquarter,False
2092 | 4030,progress software,progress,,,,,,15 wayside rd ste 400,18034521 | 018034521,burlington,united states,massachusetts(ma),0,,https://www.info-clipper.com/en/company/united-states/progress-software-corporation.usd1st4z2.html,,,0,,,,,,,,,,,,,,,,,,,,,headquarter,False
1870 | 3793,r/ga media,interpublic group of companies,,,,,,450 w 33rd st 12th fl,100012610,new york,united states,new york(ny),0,,https://www.info-clipper.com/en/company/united-states/rga-media-group-inc.usd1dgc0g.html,,,0,,,,,,,,,,,,,,,,,,,,,headquarter,False
3343 | 1574,red lobster sourcing,red lobster,,,,,,450 s orange ave ste 800,328013344,orlando,united states,florida(fl),0,,https://www.info-clipper.com/en/company/united-states/red-lobster-sourcing-llc.usd1bo54c.html,,,0,,,,,,,,,,,,,,,,,,,,,headquarter,False
4263 | 2310,refreshment product,coca-cola,,,,,,1 coca cola plaza nw,303132420,atlanta,united states,georgia(ga),0,,https://www.info-clipper.com/en/company/united-states/refreshment-product-services-inc.usd10lizn.html,,,0,,,,,,,,,,,,,,,,,,,,,headquarter,False
4261 | 1465,richard baker harrison,rbh,,,,,,marsh trees house marsh parade,st5 1bt,newcastle,united kingdom,united kingdom,0,,https://www.info-clipper.com/en/company/united-kingdom/richard-baker-harrison-limited.gbd3h1gh8.html,,,0,,,,,,,,,,,,,,,,,,,,, | headquarter,False
973 | 3735,rubix u.k.,rubix,,,,,,dakota house concord business park,m22 0rr,manchester,united kingdom,united kingdom,0,,https://www.info-clipper.com/en/company/united-kingdom/rubix-uk-limited.gbd3iuaer.html,,,0,,,,,,,,,,,,,,,,,,,,, | headquarter,False
4576 | 1760,rugeley power,rugeley power station,,,,,,"second floor salisbury house, london wall",ec2m 5sq,london,united kingdom,united kingdom,0,,https://www.info-clipper.com/en/company/united-kingdom/rugeley-power-limited.gbd3o5104.html,,,0,,,,,,,,,,,,,,,,,,,,, | headquarter,False
2349 | 4305,sabic innovative plastics us,sabic,,,,,,2500 citywest blvd ste 100,770423038,houston,united states,texas(tx),0,,https://www.info-clipper.com/en/company/united-states/sabic-innovative-plastics-us-llc.usdd80s35.html,,,0,,,,,,,,,,,,,,,,,,,,,headquarter,False
4350 | 2394,saint-gobain performance plastics,saint-gobain,,,,,,31500 solon rd ohio,441393528,solon,united states,ohio(oh),0,,https://www.info-clipper.com/en/company/united-states/saint-gobain-performance-plastics-corporation.usd4zobn.html,,,0,,,,,,,,,,,,,,,,,,,,,headquarter,False
1960 | 3889,saucony,hyde athletic industries,,,,,,500 totten pond rd ste 1,24511927 | 024511927,waltham,united states,massachusetts(ma),0,,https://www.info-clipper.com/en/company/united-states/saucony-inc.usdmdpp.html,,,0,,,,,,,,,,,,,,,,,,,,,headquarter,False
1820 | 4636,screwfix direct,screwfix,,,,,,trade house mead avenue,ba22 8rt,yeovil,united kingdom,united kingdom,0,,https://www.info-clipper.com/en/company/united-kingdom/screwfix-direct-limited.gbdcul41i.html,,,0,,,,,,,,,,,,,,,,,,,,, | headquarter,False
02132f4a1d7a46b88eea4c1200759b71 | da0837fd1b3c4149970455265021ed50,shangri-la asia,,,,"['Consumer Cyclical', 'Real Estate', 'Hotels', 'Investments'] | ['Consumer Cyclical', 'Hotels']",,,,,,hong kong,hong kong,0,,https://www.shangri-la.com/,"4,963",,0,,," | 13,474 million usd", | -290 million usd," | 1,241 million usd",,,,," | 7,424 million usd",,,,,,,,,,,,False
3400 | 742,shell international trading and shipping,shell,,,,,,shell centre york road,se1 7na,london,united kingdom,united kingdom,0,,https://www.info-clipper.com/en/company/united-kingdom/shell-international-trading-and-shipping-company-limited.gbd3h6pxi.html,,,0,,,,,,,,,,,,,,,,,,,,, | headquarter,False
748 | 3408,shell of turkey (the),shell oil,,,,,,shell centre york road,se1 7na,london,united kingdom,united kingdom,0,,https://www.info-clipper.com/en/company/united-kingdom/shell-company-of-turkey-limited.gbd4rnexo.html,,,0,,,,,,,,,,,,,,,,,,,,, | headquarter,False
4504 | 1691,skrill,paysafe,,,,,,25 canada square floor 27,e14 5lq,london,united kingdom,united kingdom,0,,https://www.info-clipper.com/en/company/united-kingdom/skrill-limited.gbd3off1a.html,,,0,,,,,,,,,,,,,,,,,,,,, | headquarter,False
1512 | 4312,skyworks,skyworks,,,,,,"ground floor, riverside house riverside house, riverside",cm23 3aj,bishop's stortford,united kingdom,united kingdom,0,,https://www.info-clipper.com/en/company/united-kingdom/skyworks-solutions-limited.gbd70biw4.html,,,0,,,,,,,,,,,,,,,,,,,,, | single address,False
3772 | 1852,sony of america,sony music entertainment,,,,,,25 madison ave fl 27,100108601,new york,united states,new york(ny),0,,https://www.info-clipper.com/en/company/united-states/sony-corporation-of-america.usd9yhx3e.html,,,0,,,,,,,,,,,,,,,,,,,,,headquarter,False
4039 | 2098,southern newspapers of alabama,"daily sentinel, the",,,,,,701 veterans dr,357682132,scottsboro,united states,alabama(al),0,,https://www.info-clipper.com/en/company/united-states/southern-newspapers-of-alabama-inc.usdx7y4g.html,,,0,,,,,,,,,,,,,,,,,,,,,single address,False
4611 | 2619,spring nyc,spring,,,,,,12 e 49th st fl 11,100171012,new york,united states,new york(ny),0,,https://www.info-clipper.com/en/company/united-states/spring-nyc-inc.usd1ax9r4.html,,,0,,,,,,,,,,,,,,,,,,,,,single address,False
3243 | 1508,sterling jewelers,signet jewelers,,,,,,375 ghent rd,443334600,fairlawn,united states,ohio(oh),0,,https://www.info-clipper.com/en/company/united-states/sterling-jewelers-inc.usd10xaf4.html,,,0,,,,,,,,,,,,,,,,,,,,,headquarter,False
4455 | 2487,stripe heavy,stripe,,,,,,354 oyster point blvd,940801912,south san francisco,united states,california(ca),0,,https://www.info-clipper.com/en/company/united-states/stripe-heavy-industries-inc.usd1xnjwh.html,,,0,,,,,,,,,,,,,,,,,,,,,headquarter,False
3547 | 838,subsea 7 offshore resources (uk),subsea 7,,,,,,40 brighton road,sm2 5bn,sutton,united kingdom,united kingdom,0,,https://www.info-clipper.com/en/company/united-kingdom/subsea-7-offshore-resources-limited.gbd3lgh4y.html,,,0,,,,,,,,,,,,,,,,,,,,, | headquarter,False
4653 | 2655,suddath relocation of orlando,united van lines,,,,,,4850 l b mcleod rd,328116410,orlando,united states,florida(fl),0,,https://www.info-clipper.com/en/company/united-states/suddath-relocation-systems-of-orlando-inc.usddc57bn.html,,,0,,,,,,,,,,,,,,,,,,,,,single address,False
1602 | 4408,taster food uk,taster,,,,,,68 hanbury st spitalfields,e1 5jp,london,united kingdom,united kingdom,0,,https://www.info-clipper.com/en/company/united-kingdom/taster-food-uk-limited.gbd3o95nj.html,,,0,,,,,,,,,,,,,,,,,,,,, | single address,False
3384 | 730,telefonica uk,o2,,,,,,260 bath road,sl1 4dx,slough,united kingdom,united kingdom,0,,https://www.info-clipper.com/en/company/united-kingdom/telefonica-uk-limited.gbd4shzhv.html,,,0,,,,,,,,,,,,,,,,,,,,, | headquarter,False
1620 | 4426,testerworld,de pharmaceuticals,,,,,,the chancery 58 spring gardens,m2 1ew,manchester,united kingdom,united kingdom,0,,https://www.info-clipper.com/en/company/united-kingdom/testerworld-limited.gbd3s0bjd.html,,,0,,,,,,,,,,,,,,,,,,,,, | single address,False
4432 | 1626,thales air defence,thales,,,,,,"alanbrooke road alanbrooke park industrial estate, castlereagh",bt6 9hb,belfast,united kingdom,united kingdom,0,,https://www.info-clipper.com/en/company/united-kingdom/thales-air-defence-limited.gbd3x7obr.html,,,0,,,,,,,,,,,,,,,,,,,,, | headquarter,False
1793 | 4609,the 1887,edrington,,,,,,royal exchange house 100 queen street,g1 3dn,glasgow,united kingdom,united kingdom,0,,https://www.info-clipper.com/en/company/united-kingdom/the-1887-company-limited.gbd3xwsgm.html,,,0,,,,,,,,,,,,,,,,,,,,, | headquarter,False
4061 | 1270,the appointment,tag group,,,,,,the linen house 253 kilburn lane,w10 4bq,london,united kingdom,united kingdom,0,,https://www.info-clipper.com/en/company/united-kingdom/the-appointment-group-limited.gbd7l8rq8.html,,,0,,,,,,,,,,,,,,,,,,,,, | headquarter,False
4612 | 1796,the edrington,edrington,,,,,,royal exchange house 100 queen street,g1 3dn,glasgow,united kingdom,united kingdom,0,,https://www.info-clipper.com/en/company/united-kingdom/the-edrington-group-limited.gbd3khggu.html,,,0,,,,,,,,,,,,,,,,,,,,, | headquarter,False
447 | 3593,thermory,kaido veske,,,,,,peterburi tee 44/2,11415,tallinn,estonia,estonia,0,,https://www.info-clipper.com/en/company/estonia/thermory-as.eed8ulo48.html,,,0,,,,,,,,,,,,,,,,,,,,, | headquarter,False
4624 | 1808,thomas lowndes,beam suntory,,,,,,2 longwalk road road,ub11 1ba,uxbridge,united kingdom,united kingdom,0,,https://www.info-clipper.com/en/company/united-kingdom/thomas-lowndes-co-limited.gbd4rnvag.html,,,0,,,,,,,,,,,,,,,,,,,,, | single address,False
3331 | 1568,tradeshift,trade shift aps,,,,,,612 howard st ste 100,941053927,san francisco,united states,california(ca),0,,https://www.info-clipper.com/en/company/united-states/tradeshift-inc.usd1anvrt.html,,,0,,,,,,,,,,,,,,,,,,,,,headquarter,False
1594 | 4469,trasporti internazionali agenzia marittima savino del bene,savino del bene,,,,,,via del botteghino 24/26,50018,scandicci,italy,italy,0,,https://www.info-clipper.com/en/company/italy/trasporti-internazionali-agenzia-marittima-savino-del-bene-spa.itd7ep22n.html,,,0,,,,,,,,,,,,,,,,,,,,, | headquarter,False
1131 | 3538,trump international management,trump international hotel & tower,,,,,,one central park w,100237703,new york,united states,new york(ny),0,,https://www.info-clipper.com/en/company/united-states/trump-international-management-corp.usdfzjng1.html,,,0,,,,,,,,,,,,,,,,,,,,,single address,False
275 | 3422,ts laevad,valdo kalm,,,,,,sadama tn 25/2,10111,tallinn,estonia,estonia,0,,https://www.info-clipper.com/en/company/estonia/ts-laevad-ou.eed8d69kb.html,,,0,,,,,,,,,,,,,,,,,,,,, | single address,False
4267 | 1471,ttt moneycorp,moneycorp,,,,,,"5 floor zig zag building, 70 victoria street",sw1e 6sq,london,united kingdom,united kingdom,0,,https://www.info-clipper.com/en/company/united-kingdom/ttt-moneycorp-limited.gbd3r70we.html,,,0,,,,,,,,,,,,,,,,,,,,, | headquarter,False
761 | 3540,twinset,twin- set,,,,,,viale del commercio 32,41012,carpi,italy,italy,0,,https://www.info-clipper.com/en/company/italy/twinset-spa.itd5m87h0.html,,,0,,,,,,,,,,,,,,,,,,,,, | headquarter,False
2017 | 3949,umb bank n.a,"umb bank, national association",,,,,,1010 grand blvd fl 3,641062220,kansas city,united states,missouri(mo),0,,https://www.info-clipper.com/en/company/united-states/umb-bank-na.usd45alr.html,,,0,,,,,,,,,,,,,,,,,,,,,headquarter,False
694 | 3336,unilever innovations,unilever uk food,,,,,,unilever house springfield drive,kt22 7gr,leatherhead,united kingdom,united kingdom,0,,https://www.info-clipper.com/en/company/united-kingdom/unilever-innovations-limited.gbd3h4wvg.html,,,0,,,,,,,,,,,,,,,,,,,,, | single address,False
2319 | 4272,university hospitals health system,university hospitals,,,,,,3605 warrensville ctr rd,441225203,shaker heights,united states,ohio(oh),0,,https://www.info-clipper.com/en/company/united-states/university-hospitals-health-system-inc.usd1aanjh.html,,,0,,,,,,,,,,,,,,,,,,,,,headquarter,False
4275 | 2322,university of michigan health system,michigan medicine,,,,,,1500 e medical center dr,481095000,ann arbor,united states,michigan(mi),0,,https://www.info-clipper.com/en/company/united-states/university-of-michigan-health-system.usdbrhur.html,,,0,,,,,,,,,,,,,,,,,,,,,headquarter,False
2598 | 4587,usi service,usi insurance services,,,,,,100 summit lake dr ste 400,105951362,valhalla,united states,new york(ny),0,,https://www.info-clipper.com/en/company/united-states/usi-service-corporation.usddd92qh.html,,,0,,,,,,,,,,,,,,,,,,,,,headquarter,False
1554 | 4360,velocix,velocix,,,,,,"cambridge innovation park, f3 blenheim house denny end road, waterbeach",cb25 9pb,cambridge,united kingdom,united kingdom,0,,https://www.info-clipper.com/en/company/united-kingdom/velocix-solutions-limited.gbd3pkt37.html,,,0,,,,,,,,,,,,,,,,,,,,, | headquarter,False
1047 | 1044,veolia north america,veolia,,,,,,53 state st 14th fl | 53 state st ste 14,21093205,boston,united states,massachusetts(ma),0,,https://www.info-clipper.com/en/company/united-states/veolia-north-america-llc.usdd2mlhc.html | https://www.info-clipper.com/en/company/united-states/veolia-north-america-inc.usd1cb05n.html,,,0,,,,,,,,,,,,,,,,,,,,,single address | headquarter,False
2217 | 4161,victoria's secret stores,victoria's secret,,,,,,4 limited pkwy e,430685300,reynoldsburg,united states,ohio(oh),0,,https://www.info-clipper.com/en/company/united-states/victorias-secret-stores-llc.usd1fxlox.html,,,0,,,,,,,,,,,,,,,,,,,,,headquarter,False
2089 | 4027,vt,vtg,,,,,,3601 eisenhower ave ste 220,223046457,alexandria,united states,virginia(va),0,,https://www.info-clipper.com/en/company/united-states/vt-services-inc.usda4c9dr.html,,,0,,,,,,,,,,,,,,,,,,,,,headquarter,False
3618 | 1095,walt disney imagineering research development,disney,,,,,,1401 flower st,912012421,glendale,united states,california(ca),0,,https://www.info-clipper.com/en/company/united-states/walt-disney-imagineering-research-development-inc.usd37blq8.html,,,0,,,,,,,,,,,,,,,,,,,,,headquarter,False
3614 | 1092,walt disney music,disney,,,,,,500 s buena vista,915210007,burbank,united states,california(ca),0,,https://www.info-clipper.com/en/company/united-states/walt-disney-music-company.usdoi4tw.html,,,0,,,,,,,,,,,,,,,,,,,,,headquarter,False
3626 | 312,walt disney the,disney,,,,,,500 s buena vista st,915210007,burbank,united states,california(ca),0,,https://www.info-clipper.com/en/company/united-states/walt-disney-company-the.usd1xo7nl.html,,,0,,,,,,,,,,,,,,,,,,,,,headquarter,False
4597 | 1781,wework international,wework,,,,,,3rd floor 207 regent street,w1b 3hh,london,united kingdom,united kingdom,0,,https://www.info-clipper.com/en/company/united-kingdom/wework-international-limited.gbd3n8ylk.html,,,0,,,,,,,,,,,,,,,,,,,,, | headquarter,False
1843 | 3754,william morris endeavor entertainment,wme,,,,,,9601 wilshire blvd,902105213,beverly hills,united states,california(ca),0,,https://www.info-clipper.com/en/company/united-states/william-morris-endeavor-entertainment-llc.usd17ms5f.html,,,0,,,,,,,,,,,,,,,,,,,,,headquarter,False
3922 | 1993,zara usa,zara,,,,,,500 5th ave ste 400,101100499,new york,united states,new york(ny),0,,https://www.info-clipper.com/en/company/united-states/zara-usa-inc.usdecfco0.html,,,0,,,,,,,,,,,,,,,,,,,,,headquarter,False
